PADV,4,5,101
PADV,4,5,102
PADV,4,5,103
PADV,6,7,104
PADV,6,7,105
PADV,3,4,106
PADV,3,4,107
PADV,3,4,108
PAD,3,3,209
PAD,3,3,210
PAD,3,3,211
PAD,5,6,212
PAD,3,4,214
PAD,3,4,215
PAD,3,4,216
PAD,4,5,217
PAD,4,5,218
PAD,2,3,219
PADV,4,5,320
PADV,4,5,321
PADV,4,5,322
PADV,3,4,323
PADV,2,3,425
PADV,4,5,426
PAD,2,2,427
PAD,3,4,428
PAD,2,2,429
PAD,2,3,430
PAD,2,2,531
PAD,2,2,532
PAD,2,2,533
PAD,2,3,534
PAD,2,3,535
PADV,4,5,637
PADV,4,5,638
PADV,2,2,639
PADV,3,4,640
PADV,2,3,641
PADV,2,2,642
PAD,2,3,701
LUX,2,3,702
LUXC,4,5,703
LUXC,4,5,704
LUX,2,3,705
LUX,2,3,706
LUX,2,3,707
LUX,3,4,708
LUX,2,3,709
LUX,2,3,710
LUX,2,3,711
LUX,2,3,801
LUXH,2,3,802
LUXC,3,4,803
LUX,2,2,804
LUXC,5,6,805
LUXC,3,4,806
LUXH,3,4,807
